<?xml version="1.0" encoding="UTF-8"?>
<project-private xmlns="http://www.netbeans.org/ns/project-private/1">
    <editor-bookmarks xmlns="http://www.netbeans.org/ns/editor-bookmarks/2" lastBookmarkId="0"/>
    <open-files xmlns="http://www.netbeans.org/ns/projectui-open-files/2">
        <group>
            <file>file:/E:/3ER_CICLO/LP_1/Proyectos%20de%20clase%20y%20EXAMEN%20LDP/LPI_T2_TAFUR_JEANETH/src/java/modelo/Pelicula.java</file>
            <file>file:/E:/3ER_CICLO/LP_1/Proyectos%20de%20clase%20y%20EXAMEN%20LDP/LPI_T2_TAFUR_JEANETH/src/java/test/Prueba.java</file>
            <file>file:/E:/3ER_CICLO/LP_1/Proyectos%20de%20clase%20y%20EXAMEN%20LDP/LPI_T2_TAFUR_JEANETH/src/java/util/Conexion.java</file>
            <file>file:/E:/3ER_CICLO/LP_1/Proyectos%20de%20clase%20y%20EXAMEN%20LDP/LPI_T2_TAFUR_JEANETH/src/java/dao/PeliculaDAO.java</file>
            <file>file:/E:/3ER_CICLO/LP_1/Proyectos%20de%20clase%20y%20EXAMEN%20LDP/LPI_T2_TAFUR_JEANETH/src/java/dao/PeliculaDAOImpl.java</file>
        </group>
    </open-files>
</project-private>
